{"cameraMode":{"drawMode":0,"name":"Shaded","section":"Shading Mode"},"sceneLighting":false,"audioPlay":false,"sceneViewState":{"m_AlwaysRefresh":false,"showFog":true,"showSkybox":false,"showFlares":true,"showImageEffects":true,"showParticleSystems":true,"showVisualEffectGraphs":true,"m_FxEnabled":true},"in2DMode":false,"pivot":{"x":-5.519999980926514,"y":2.9973578453063967,"z":0.6000000238418579},"rotation":{"x":0.12570305168628694,"y":-0.7124032974243164,"z":0.13201622664928437,"w":0.6777336597442627},"size":0.8675535917282105,"orthographic":false}