{"cameraMode":{"drawMode":0,"name":"Shaded","section":"Shading Mode"},"sceneLighting":false,"audioPlay":false,"sceneViewState":{"m_AlwaysRefresh":false,"showFog":true,"showSkybox":false,"showFlares":true,"showImageEffects":true,"showParticleSystems":true,"showVisualEffectGraphs":true,"m_FxEnabled":true},"in2DMode":false,"pivot":{"x":0.502381443977356,"y":-0.9544742107391357,"z":-0.11453083902597428},"rotation":{"x":0.5780304074287415,"y":-0.28508245944976809,"z":0.22551442682743073,"w":0.7306293249130249},"size":6.330436706542969,"orthographic":false}